{"tier": "Photo_V2", "classifier": "LogisticRegression", "features": ["r_mean", "g_mean", "b_mean", "brightness", "turbidity", "dominant_hue", "hue_spread", "texture_score", "edge_intensity", "bubble_count", "contrast", "saturation", "color_variance", "yellowness", "gy_ratio", "cal_card_found", "cal_delta_e", "cal_quality_ok", "cal_cct_estimate", "layla_r_ratio", "layla_rg_ratio", "layla_rb_ratio", "layla_r_ratio_std", "layla_r_skew", "layla_r_dominant", "lab_L", "lab_a", "lab_b", "lab_chroma", "conc_proxy_sv", "conc_proxy_yellow_sat", "conc_darkness"], "type": "logistic", "auc": 0.7067, "auc_synthetic": 0.6132, "training_data": {"real_subjects": 40, "synthetic_subjects": 2000, "total_subjects": 2040}, "scaler": {"mean": [235.45098042483662, 231.05747533088234, 203.3341339133987, 239.09071880310458, 1264.7148411560456, 36.68709150326797, 24.25660598039216, 267.98803980392154, 0.0366709408496732, 0.01119281045751634, 15.565062732843138, 42.368050964052294, 1104.3241930433005, 1.170591503267974, 0.9819480923202614, 0.0, -1.0, 0.0, 5500.0, 0.35452576188725493, 1.0236331105392158, 1.4090283582924836, 0.02649316017156863, -1.3794310582924838, 0.5726331386029413, 233.32797810457518, -2.200419056372549, 14.115987450980391, 14.972051196895425, 872.4481762663399, 73.49455567401961, 15.909281196895424], "scale": [13.607133763536106, 15.178539891547313, 23.040564350042082, 10.963764329186885, 510.2000923069016, 33.328915018195566, 11.685344102442407, 200.97675938597186, 0.011438717989775455, 0.1106587714353777, 4.860861281449881, 20.636114476115008, 703.8933617822488, 0.2826232540954265, 0.04369452663223213, 1.0, 1.0, 1.0, 1.0, 0.01789250329053586, 0.052361663065541755, 1.6880839438211144, 0.01323528525473165, 0.857652585905655, 0.3330778343678336, 13.029264370843848, 3.8300488277557814, 9.032485176998849, 8.787451789674307, 1072.5276954599342, 32.61705404694169, 10.963764329186885]}, "coef": [[0.36630038903221335, 0.09877839183272887, 0.05530946568280121, -0.2166394427509446, 0.18960962660218672, 0.12032699955477338, 0.024350806076357395, 0.5750102851154036, -0.09264915466278234, 0.04065408647627984, -0.41097001049564263, 0.3657753559277544, -0.7287409527852754, 0.4680955808662057, 0.5478055413780867, 0.0, 0.0, 0.0, 0.0, -0.2897644681327084, 0.376534345740073, -0.06227460696357086, 0.4893663711355554, -0.33388964572016655, 0.158849905468619, 0.17720481765829146, 0.4890589278792279, -0.14726609149236644, 0.5157515365988949, -0.1329137466229475, 0.2461713543710459, 0.21663944275094998]], "intercept": [0.026015344260768587], "classes": [0, 1]}