{"tier": "Photo_V2", "classifier": "LogisticRegression", "features": ["r_mean", "g_mean", "b_mean", "brightness", "turbidity", "dominant_hue", "hue_spread", "texture_score", "edge_intensity", "bubble_count", "contrast", "saturation", "color_variance", "yellowness", "gy_ratio", "cal_card_found", "cal_delta_e", "cal_quality_ok", "cal_cct_estimate", "layla_r_ratio", "layla_rg_ratio", "layla_rb_ratio", "layla_r_ratio_std", "layla_r_skew", "layla_r_dominant", "lab_L", "lab_a", "lab_b", "lab_chroma", "conc_proxy_sv", "conc_proxy_yellow_sat", "conc_darkness"], "type": "logistic", "auc": 0.7, "scaler": {"mean": [194.03381400703842, 187.3475422373111, 172.2150102980303, 206.28472781891736, 1071.412259836519, 42.61058927957148, 37.30525033281242, 4.972481220407944, 0.04844923241904393, 0.30441188756204235, 31.024274338007093, 62.01181355937054, 2336.359934132276, 1.278981424882058, 0.9708724302886506, 0.0, -1.0, 0.0, 5681.38184923092, 0.35667949830383866, 1.0407533059484524, 6.801901214232496, 0.060524143506793936, -0.4554177086431704, 0.5527801057605994, 193.9353198391165, 1.9711486925751878, 8.14764849389497, 14.700399345409476, 3940.0920368756647, 96.90491076155031, 48.71527218108261], "scale": [35.68215184143492, 28.02664327554902, 21.09889191019695, 21.60154401057375, 408.6332721566868, 34.756549544116325, 11.032636259168243, 0.7587092928172477, 0.009597660901468292, 0.3161724532063266, 6.792159906195035, 23.42839103449759, 844.5660225798824, 0.7777834583372939, 0.08704088638696184, 1.0, 1.0, 1.0, 781.337842632517, 0.029640431416605686, 0.07608420127600286, 7.276786771092887, 0.023335203269370698, 0.4954602049631072, 0.2041506213005162, 26.532052889257457, 2.3526042653476154, 11.757570597873332, 4.957418493230434, 2399.1550805600787, 38.036548528269506, 21.60154401057375]}, "coef": [[-0.08641172782837732, 0.0281205319531716, 0.08509510114536153, -0.1789983021979013, 0.4495740467029433, -0.27830397263578577, 0.870696617989792, 0.33921705822580445, -0.5683525241869655, -0.14728078843230252, 0.1078571744266064, -0.20929703380105563, -0.33894300348636114, 0.32647082609643974, 1.3014397774718123, 0.0, 0.0, 0.0, 0.7645490428667555, 0.28515665143592756, 0.3183029079075264, 0.3461225272096706, 0.0027528582375544695, 0.21737114605837984, 0.7041418875132076, 0.05099472656851787, -0.46307032510161167, -0.05663619233520045, 0.1623024496592749, 0.058579147644243976, 0.7887619991248792, 0.17899830219790025]], "intercept": [0.862074287838718], "classes": [0, 1]}