{"tier": "Photo_V2", "classifier": "LogisticRegression", "features": ["r_mean", "g_mean", "b_mean", "brightness", "turbidity", "dominant_hue", "hue_spread", "texture_score", "edge_intensity", "bubble_count", "contrast", "saturation", "color_variance", "yellowness", "gy_ratio", "cal_card_found", "cal_delta_e", "cal_quality_ok", "cal_cct_estimate", "layla_r_ratio", "layla_rg_ratio", "layla_rb_ratio", "layla_r_ratio_std", "layla_r_skew", "layla_r_dominant", "lab_L", "lab_a", "lab_b", "lab_chroma", "conc_proxy_sv", "conc_proxy_yellow_sat", "conc_darkness"], "type": "logistic", "auc": 0.8633, "scaler": {"mean": [163.0107091666667, 158.971831875, 156.83490208333333, 182.27185145833332, 1389.3286439583335, 73.29166666666667, 39.743065, 967.6791125, 0.06470740833333334, 0.5208333333333333, 28.991266874999997, 67.85064916666667, 1979.7801127083335, 1.5014366666666668, 0.9970527083333334, 0.0, -1.0, 0.0, 5500.0, 0.35186273125, 1.0445683875, 9.182842897916666, 0.05977636875000001, -0.34755944791666665, 0.48103394374999997, 167.90209083333335, 3.4586831250000003, 1.6204199999999997, 12.607483541666667, 5601.327719583333, 112.99845687500002, 72.72814854166668], "scale": [22.956564988132556, 13.638732515536288, 20.497326204715243, 13.969107839315035, 389.3231291267399, 37.75650698150512, 9.84578995138845, 316.7731979123841, 0.012092455978843907, 0.5564489344644904, 4.544370671463917, 28.54509970906637, 630.7908900527098, 1.7009611193971172, 0.1343944676129066, 1.0, 1.0, 1.0, 1.0, 0.039263626607529724, 0.10879795387967237, 9.020814802983438, 0.019755447566175047, 0.5256933311425255, 0.24201186449889403, 13.606904814364265, 2.8166380003518374, 11.849051043565918, 7.495283466057654, 2676.240420081946, 36.903321862934554, 13.969107839315036]}, "coef": [[-0.27251012221272963, -0.25944929235995906, -0.31031141665669704, -0.46969563033722234, 0.9994405336678732, 0.2548386778271743, -0.38420799673187983, -0.35930660994658115, 0.6415967816880209, -0.15434169771533632, -0.6081441987830306, 0.09207455647261568, 0.18186293538072468, 0.22701078607047473, 0.40936205562777894, 0.0, 0.0, 0.0, 0.0, -0.13355708310130252, -0.2741898327850402, 0.4419287325531987, -0.48919920992615545, -0.779928128707419, -0.5862485462270379, -0.19185295115551934, -0.172051741119906, 0.04921764446758075, -0.3497491379724045, 0.06824572756400099, 1.18088714332551, 0.4696956303372216]], "intercept": [1.2934506757360849], "classes": [0, 1]}