{"tier": "Photo_V2", "classifier": "LogisticRegression", "features": ["r_mean", "g_mean", "b_mean", "brightness", "turbidity", "dominant_hue", "hue_spread", "texture_score", "edge_intensity", "bubble_count", "contrast", "saturation", "color_variance", "yellowness", "gy_ratio", "cal_card_found", "cal_delta_e", "cal_quality_ok", "cal_cct_estimate", "layla_r_ratio", "layla_rg_ratio", "layla_rb_ratio", "layla_r_ratio_std", "layla_r_skew", "layla_r_dominant", "lab_L", "lab_a", "lab_b", "lab_chroma", "conc_proxy_sv", "conc_proxy_yellow_sat", "conc_darkness"], "type": "logistic", "auc": 0.8048, "scaler": {"mean": [156.86757643678163, 157.6343870689655, 158.93770287356324, 180.6315778735632, 1304.1650528735631, 73.2471264367816, 39.612637931034484, 1040.2767793103446, 0.0638138304597701, 0.42528735632183906, 29.69881293103448, 68.27183591954024, 1995.6177589080455, 1.0924497126436783, 1.0317959770114942, 0.0, -1.0, 0.0, 5500.0, 0.3397725172413793, 1.0083984224137932, 6.435344048850574, 0.05880737068965517, -0.1786902988505747, 0.45045656896551733, 165.6505459770115, 2.264990517241379, -0.6079577586206892, 11.97911436781609, 5687.574425287355, 100.57439655172415, 74.36842212643677], "scale": [22.78125644331314, 13.497409218115955, 19.903650382443505, 14.25068592551794, 350.508681422579, 34.922838334483984, 10.865899323051035, 326.55059764225126, 0.011755331313981602, 0.6085851421787672, 4.764800618017174, 32.20822409338303, 659.4580606745599, 0.4136243276834013, 0.1421174712354793, 1.0, 1.0, 1.0, 1.0, 0.03644867355278332, 0.10251315990943458, 6.5548740635584295, 0.02152898712596162, 0.44412299697939317, 0.24534342498247388, 13.36558164132656, 2.076067249206212, 11.884307948822757, 8.083726408694625, 2935.1314381148663, 33.069761873996505, 14.250685925517942]}, "coef": [[-0.2203683393342605, -0.15681344878823067, 0.060557201071089965, -0.11514549835968227, 0.3405828240005957, 0.24624154174492424, -0.010669604174390423, 0.01646958190675406, 0.08384229110244619, -0.06091248696987934, 0.0033126527243054066, 0.05767869927079374, 0.005160619570295313, 0.00699056163045014, 0.16637024228658984, 0.0, 0.0, 0.0, 0.0, -0.16940112038205973, -0.17004349971359198, -0.03928926750569161, -0.06956857806844416, 0.013294249375284737, -0.2027866714662216, -0.17363564221683303, -0.1734717573584347, -0.1681665338092855, -0.09393535075081537, 0.09689480609396138, 0.17274136119390596, 0.11514549835968232]], "intercept": [0.09800084966421858], "classes": [0, 1]}